domain,merchant_name,merchant_category,country_code,region,readiness_score,protocol_score,data_score,accessibility_score,checkout_score
mejuri.com,Mejuri,retail,CA,north_america,58,26,65,100,73
hauslabs.com,Haus Labs,retail,US,north_america,57,26,84,75,73
drsquatch.com,Dr. Squatch,retail,US,north_america,57,26,65,100,68
chubbiesshorts.com,Chubbies,retail,US,north_america,56,26,65,100,65
italic.com,Italic,retail,US,north_america,55,26,59,100,65
sallve.com.br,Sallve,retail,BR,latam,54,26,65,75,80
negativeunderwear.com,Negative Underwear,retail,US,north_america,54,26,61,85,78
beistravel.com,Beis Travel,retail,US,north_america,54,26,65,75,83
framebridge.com,Framebridge,retail,US,north_america,53,26,66,75,73
tattly.com,,,,,53,26,65,75,73
awaytravel.com,Away,retail,US,north_america,53,26,65,75,78
dollarshaveclub.com,Dollar Shave Club,retail,US,north_america,53,26,65,75,73
store.arduino.cc,,,,,53,26,65,75,73
hexclad.com,HexClad,retail,US,north_america,53,26,65,75,78
amaro.com,Amaro,retail,BR,latam,52,26,65,75,70
kyliecosmetics.com,Kylie Cosmetics,retail,US,north_america,52,26,59,75,78
zappos.com,,,,,51,12,90,100,23
compughana.com,CompuGhana,retail,GH,africa,51,26,62,75,68
primalpetfoods.com,Primal Pet Foods,retail,US,north_america,51,26,59,75,75
claro.com.br,Claro Brazil,other,BR,latam,49,0,99,100,25
slot.ng,Slot Systems,retail,NG,africa,48,0,100,100,20
brooklinen.com,Brooklinen,retail,US,north_america,46,26,35,75,78
everlane.com,Everlane,retail,US,north_america,46,26,35,75,78
decathlon.com,Decathlon,retail,FR,europe,46,26,40,75,73
thirdlove.com,ThirdLove,retail,US,north_america,46,26,35,75,78
ruggable.com,Ruggable,retail,US,north_america,45,16,35,100,68
casper.com,Casper,retail,US,north_america,45,26,35,75,73
grind.co.uk,Grind,retail,GB,europe,45,26,35,75,73
pangaia.com,Pangaia,retail,GB,europe,45,26,35,75,75
puravidabracelets.com,Pura Vida Bracelets,retail,US,north_america,45,26,35,75,73
skims.com,SKIMS,retail,US,north_america,45,26,35,75,70
kotn.com,Kotn,retail,CA,north_america,45,16,35,100,65
mizzenandmain.com,Mizzen+Main,retail,US,north_america,44,0,65,100,50
woocommerce.com,WooCommerce,saas,US,north_america,43,10,35,100,70
ikhokha.com,iKhokha,fintech,ZA,africa,43,0,59,100,53
burrow.com,Burrow,retail,US,north_america,43,26,10,100,65
pipedrive.com,Pipedrive,saas,EE,europe,42,0,94,75,23
sumup.com,SumUp,fintech,UK,europe,42,0,76,95,28
mercadolibre.com.pe,Mercado Libre Peru,marketplace,PE,latam,41,0,65,100,33
mercadolibre.com.ec,Mercado Libre Ecuador,marketplace,EC,latam,40,0,65,100,28
falabella.com.co,Falabella Colombia,retail,CO,latam,40,0,65,100,23
kiwi.com,Kiwi.com,travel,CZ,europe,40,0,35,100,73
dishoom.com,Dishoom,restaurant,GB,europe,40,0,49,100,53
newegg.com,Newegg,retail,US,north_america,40,0,65,100,28
vuoriclothing.com,Vuori,retail,US,north_america,40,16,35,75,65
claroshop.com,Claro Shop,marketplace,MX,latam,39,0,65,95,25
clip.mx,Clip,fintech,MX,latam,39,0,65,100,20
kayak.com,Kayak,travel,US,north_america,39,0,35,100,70
jeffreestarcosmetics.com,Jeffree Star Cosmetics,retail,US,north_america,39,26,10,75,73
athleticgreens.com,AG1,retail,US,north_america,39,0,35,100,65
marks-and-spencer.com,Marks & Spencer,retail,GB,europe,38,0,55,100,25
lookfantastic.com,Lookfantastic,retail,GB,europe,38,4,65,75,33
notonthehighstreet.com,Not On The High Street,marketplace,GB,europe,38,0,55,100,25
marksandspencer.com,Marks & Spencer,retail,GB,europe,38,0,55,100,25
ledger.com,Ledger,fintech,FR,europe,38,0,59,75,55
xkom.pl,x-kom,retail,PL,europe,38,10,35,100,35
bombas.com,Bombas,retail,US,north_america,38,0,40,100,53
apple.com,Apple,retail,US,north_america,38,0,56,100,25
hydrogen.shopify.dev,,,,,38,16,10,95,68
boll-branch.com,Boll & Branch,retail,US,north_america,38,10,35,100,35
officedepot.com.mx,Office Depot Mexico,retail,MX,latam,37,0,55,100,23
boohoo.com,Boohoo,retail,GB,europe,37,0,35,100,58
debenhams.com,Debenhams,retail,GB,europe,37,0,35,100,55
rippling.com,Rippling,saas,US,north_america,37,0,55,100,20
lidl.de,Lidl,retail,DE,europe,37,0,55,100,22
peachpayments.com,Peach Payments,fintech,ZA,africa,37,0,35,100,58
cdon.se,CDON,marketplace,SE,europe,37,0,35,100,53
dock.tech,Dock,fintech,BR,latam,37,0,35,100,53
temu.com,Temu,marketplace,CN,apac,37,0,35,100,58
konga.com,Konga,marketplace,NG,africa,37,0,35,100,53
payu.com,PayU,fintech,NL,europe,37,0,35,100,53
fondy.eu,Fondy,fintech,UA,europe,37,0,35,100,55
quince.com,Quince,retail,US,north_america,37,0,35,100,53
backmarket.com,Back Market,retail,FR,europe,36,0,25,100,63
tymebank.co.za,TymeBank,fintech,ZA,africa,36,0,35,100,50
samsung.com,Samsung,retail,KR,apac,36,0,35,95,58
lenskart.com,Lenskart,retail,IN,apac,36,0,35,100,50
homedepot.com.mx,Home Depot Mexico,retail,MX,latam,35,0,65,75,28
harrods.com,Harrods,retail,GB,europe,35,0,59,85,20
very.co.uk,Very,retail,GB,europe,35,0,35,95,50
dunelm.com,Dunelm,retail,GB,europe,35,0,43,100,28
nevermined.io,Nevermined,saas,ES,europe,35,0,35,100,40
getaround.com,Getaround,marketplace,FR,europe,35,4,35,100,28
elektra.com.mx,Elektra,retail,MX,latam,34,0,35,100,33
mercadolibre.com.co,Mercado Libre Colombia,marketplace,CO,latam,34,0,35,100,33
mercadolibre.com.ar,Mercado Libre Argentina,marketplace,AR,latam,34,0,35,100,33
mercadolibre.com.uy,Mercado Libre Uruguay,marketplace,UY,latam,34,0,35,100,33
octopus.energy,Octopus Energy,other,GB,europe,34,0,45,100,20
hobbycraft.co.uk,Hobbycraft,retail,GB,europe,34,0,35,100,33
mercadolibre.com.mx,Mercado Libre Mexico,marketplace,MX,latam,34,0,35,100,33
cornershopapp.com,Cornershop,marketplace,MX,latam,34,0,35,70,73
kry.se,Kry,healthcare,SE,europe,34,0,35,100,35
mercadopago.com.br,Mercado Pago Brazil,fintech,BR,latam,34,0,35,100,33
mercadolivre.com.br,Mercado Livre Brazil,marketplace,BR,latam,34,0,35,100,33
block.xyz,Block (Square),fintech,US,north_america,34,0,35,100,33
alternate.de,Alternate,retail,DE,europe,34,0,40,100,28
checkout.com,Checkout.com,fintech,GB,europe,34,0,35,100,33
mercadolibre.com.br,Mercado Livre Brasil,marketplace,BR,latam,34,0,35,100,33
joybird.com,Joybird,retail,US,north_america,34,0,35,100,33
kayak.com.br,Kayak BR,travel,BR,latam,33,0,35,100,27
contentful.com,Contentful,saas,DE,europe,33,0,35,100,25
snyk.io,Snyk,saas,GB,europe,33,0,35,100,25
mobly.com.br,Mobly,retail,BR,latam,33,0,35,100,30
mercury.com,Mercury,fintech,US,north_america,33,0,35,100,30
braintreepayments.com,Braintree,fintech,US,north_america,33,0,35,100,25
ovhcloud.com,OVHcloud,saas,FR,europe,33,0,35,100,25
bonprix.de,Bonprix,retail,DE,europe,33,0,35,100,25
morele.net,Morele.net,retail,PL,europe,33,0,35,100,25
lunar.app,Lunar,fintech,DK,europe,33,0,35,100,30
infobae.com,Infobae,media,AR,latam,33,0,35,100,28
mercadolibre.cl,Mercado Libre Chile,marketplace,CL,latam,33,0,35,100,28
target.com,Target,retail,US,north_america,33,0,35,100,28
veriff.com,Veriff,saas,EE,europe,33,0,35,100,28
skyscanner.net,Skyscanner,travel,GB,europe,33,0,35,100,28
discovery.co.za,Discovery,healthcare,ZA,africa,33,0,35,100,25
vinted.com,Vinted,marketplace,LT,europe,33,0,35,75,63
showmax.com,Showmax,media,ZA,africa,33,0,35,100,28
v0.dev,v0 by Vercel,saas,US,north_america,33,0,35,100,28
gorillas.io,Gorillas,retail,DE,europe,33,0,35,100,25
zeepay.com,Zeepay,fintech,GH,africa,33,0,35,100,30
paypal.com,PayPal,fintech,US,north_america,33,0,35,75,60
remitly.com,Remitly,fintech,US,north_america,33,0,35,100,25
skyscanner.com,Skyscanner,travel,GB,europe,33,0,35,100,28
underarmour.com,Under Armour,retail,US,north_america,33,0,35,100,25
alchemy.com,Alchemy,saas,US,north_america,33,0,35,100,25
johnlewis.com,John Lewis,retail,GB,europe,33,0,35,100,25
polygon.technology,Polygon,fintech,IN,apac,33,0,35,100,28
nike.com,Nike,retail,US,north_america,33,0,35,100,28
adyen.com,Adyen,fintech,NL,europe,33,0,35,75,63
jaggaer.com,Jaggaer,b2b,US,north_america,33,0,35,100,25
article.com,Article,retail,US,north_america,33,4,47,75,28
submarino.com.br,Submarino,retail,BR,latam,32,0,35,100,23
falabella.com.pe,Falabella Peru,retail,PE,latam,32,0,35,100,23
funnel.io,Funnel,saas,SE,europe,32,0,35,100,20
sodimac.cl,Sodimac,retail,CL,latam,32,0,35,100,22
kushki.com,Kushki,fintech,EC,latam,32,0,35,100,20
easy.cl,Easy Chile,retail,CL,latam,32,0,35,100,20
trendyol.com,Trendyol,marketplace,TR,europe,32,0,35,100,23
typeform.com,Typeform,saas,GB,europe,32,0,35,100,23
starlingbank.com,Starling Bank,fintech,GB,europe,32,0,35,100,20
oechsle.pe,Oechsle,retail,PE,latam,32,0,35,100,20
falabella.com.ar,Falabella Argentina,retail,AR,latam,32,0,35,100,23
tokstok.com.br,Tok&Stok,retail,BR,latam,32,0,35,100,23
shein.com.mx,Shein Mexico,retail,MX,latam,32,0,25,100,40
scalable.capital,Scalable Capital,fintech,DE,europe,32,0,35,100,20
mx.com,MX Technologies,fintech,US,north_america,32,0,35,100,23
invu.net,INVU,saas,PA,latam,32,0,35,100,20
oaknorth.com,OakNorth,fintech,GB,europe,32,0,35,100,20
gocardless.com,GoCardless,fintech,GB,europe,32,0,35,100,20
twitch.tv,Twitch,marketplace,US,north_america,32,0,35,100,20
ubereats.com,Uber Eats,restaurant,US,north_america,32,0,35,100,20
ifood.com.br,iFood,marketplace,BR,latam,32,0,35,100,23
razorpay.com,Razorpay,fintech,IN,apac,32,0,35,100,23
pushdoctor.co.uk,Push Doctor,healthcare,GB,europe,32,0,35,100,20
klarna.com,Klarna,fintech,SE,europe,32,0,10,100,65
celonis.com,Celonis,saas,DE,europe,32,0,35,100,20
flixbus.com,FlixBus,travel,DE,europe,32,0,35,100,20
deezer.com,Deezer,media,FR,europe,32,0,35,100,20
riverisland.com,River Island,retail,GB,europe,32,0,35,100,20
alan.com,Alan,healthcare,FR,europe,32,0,35,100,20
factorial.co,Factorial,saas,ES,europe,32,0,35,100,20
qdrant.tech,Qdrant,saas,DE,europe,32,0,35,100,20
phonepe.com,PhonePe,fintech,IN,apac,32,0,35,100,23
dataiku.com,Dataiku,saas,FR,europe,32,0,35,100,20
satispay.com,Satispay,fintech,IT,europe,32,0,35,100,23
cabify.com,Cabify,other,ES,latam,32,0,35,100,20
sendgrid.com,SendGrid,saas,US,north_america,32,0,35,100,20
cohere.com,Cohere,saas,CA,north_america,32,0,35,100,20
falabella.com,Falabella,retail,CL,latam,32,0,35,100,23
vtex.com,VTEX,saas,BR,latam,32,0,35,100,20
buk.cl,Buk,saas,CL,latam,32,0,35,100,20
crehana.com,Crehana,saas,PE,latam,32,0,35,100,23
pismo.io,Pismo,fintech,BR,latam,32,0,35,100,23
hotmart.com,Hotmart,marketplace,BR,latam,32,0,35,100,23
verkkokauppa.com,Verkkokauppa,retail,FI,europe,32,0,35,100,23
freshworks.com,Freshworks,saas,US,north_america,32,0,35,100,20
easypaisa.com.pk,Easypaisa,fintech,PK,apac,32,0,35,100,20
renmoney.com,Renmoney,fintech,NG,africa,32,0,35,100,20
ap.org,Associated Press,media,US,north_america,32,0,35,100,23
zindigi.pk,Zindigi,fintech,PK,apac,32,0,35,100,20
netshoes.com.br,Netshoes,retail,BR,latam,32,0,35,100,23
productboard.com,Productboard,saas,CZ,europe,32,0,35,100,23
seon.io,SEON,fintech,HU,europe,32,0,35,100,20
uipath.com,UiPath,saas,RO,europe,32,0,35,100,20
peloton.com,Peloton,retail,US,north_america,32,0,35,100,20
recurly.com,Recurly,saas,US,north_america,32,0,35,100,23
n26.com,N26,fintech,DE,europe,32,0,35,100,20
quintoandar.com.br,QuintoAndar,other,BR,latam,32,0,35,100,20
hubspot.com,HubSpot,saas,US,north_america,32,0,35,100,20
cumplo.com,Cumplo,fintech,CL,latam,32,0,35,100,23
bancointer.com.br,Banco Inter,fintech,BR,latam,32,0,35,100,23
eluniversal.com.mx,El Universal,media,MX,latam,32,0,35,100,23
bold.co,Bold,fintech,CO,latam,32,0,35,100,23
monzo.com,Monzo,fintech,UK,europe,32,0,35,100,20
monday.com,Monday.com,saas,US,north_america,32,0,35,100,20
shopee.com,Shopee,marketplace,SG,apac,32,0,35,100,20
habi.co,Habi,other,CO,latam,32,0,35,100,20
betterfly.com,Betterfly,healthcare,CL,latam,32,0,35,100,20
tul.com.co,Tul,b2b,CO,latam,32,0,35,100,20
wix.com,Wix,saas,US,north_america,32,0,35,100,23
ikea.com,IKEA,retail,SE,europe,32,0,35,100,20
auth0.com,Auth0,saas,US,north_america,32,0,35,100,20
shein.com,Shein,retail,CN,apac,32,0,25,100,40
skyfire.xyz,Skyfire,fintech,US,north_america,32,0,35,100,20
payman.ai,Payman AI,fintech,US,north_america,32,0,35,100,20
penneo.com,Penneo,saas,DK,europe,32,0,35,100,20
daviplata.com,DaviPlata,fintech,CO,latam,32,0,35,100,20
tiki.vn,Tiki,marketplace,VN,apac,32,0,35,100,23
plin.pe,PLIN,fintech,PE,latam,32,0,35,100,23
root.co.za,Root Insurance,fintech,ZA,africa,32,0,35,100,23
jokr.com,JOKR,marketplace,MX,latam,32,0,35,100,23
gap.com,Gap,retail,US,north_america,32,0,25,100,35
ramp.com,Ramp,fintech,US,north_america,32,0,35,100,20
gympass.com,Gympass,healthcare,BR,latam,32,0,35,100,20
telcel.com,Telcel,telecom,MX,latam,32,0,35,100,20
resend.com,Resend,saas,US,north_america,32,0,35,100,20
halan.com,Halan,fintech,EG,africa,32,0,35,100,20
transfergo.com,TransferGo,fintech,LT,europe,32,0,35,100,20
dub.co,Dub,saas,US,north_america,32,0,35,100,20
stax.io,Stax Payments,fintech,US,north_america,32,0,35,100,20
rappicard.co,RappiCard,fintech,CO,latam,32,0,35,100,20
loggi.com,Loggi,other,BR,latam,32,0,35,100,23
zoom.us,Zoom,saas,US,north_america,32,0,35,100,20
uline.com,Uline,b2b,US,north_america,32,0,35,100,23
coupa.com,Coupa,b2b,US,north_america,32,0,35,100,20
mtn.com,MTN Group,other,ZA,africa,32,0,35,100,20
matchesfashion.com,Matches Fashion,retail,GB,europe,32,16,10,60,73
microsoft.com,Microsoft,saas,US,north_america,32,0,35,100,23
salesforce.com,Salesforce,saas,US,north_america,32,0,35,100,20
madeiramadeira.com.br,MadeiraMadeira,retail,BR,latam,32,0,35,100,20
worldremit.com,WorldRemit,fintech,GB,europe,32,0,35,100,23
layerzero.network,LayerZero,fintech,US,north_america,32,0,35,100,20
workday.com,Workday,saas,US,north_america,32,0,35,100,20
runway.ml,Runway,saas,US,north_america,32,0,35,100,23
americanas.com.br,Americanas,marketplace,BR,latam,32,0,35,100,23
fiserv.com,Fiserv,fintech,US,north_america,32,0,35,100,20
ualabee.com,Uala,fintech,AR,latam,32,0,35,100,20
lyko.com,Lyko,retail,SE,europe,32,0,35,100,20
remote.com,Remote,saas,US,north_america,32,0,35,100,20
treezor.com,Treezor,fintech,FR,europe,32,0,35,95,25
ivalua.com,Ivalua,b2b,FR,europe,32,0,35,100,20
tradeshift.com,Tradeshift,b2b,US,north_america,32,0,35,100,20
gep.com,GEP,b2b,US,north_america,32,0,35,100,20
paragoncoffee.com,Paragon Coffee,retail,US,north_america,32,0,35,100,20
precoro.com,Precoro,b2b,US,north_america,32,0,35,100,20
spacenk.com,Space NK,retail,GB,europe,31,0,25,100,33
hostelworld.com,Hostelworld,travel,GB,europe,31,0,35,85,35
pixmania.com,Pixmania,retail,FR,europe,31,0,35,90,28
talabat.com,Talabat,marketplace,AE,mena,31,0,10,100,55
vivo.com.br,Vivo Brazil,telecom,BR,latam,31,0,35,95,20
creditas.com,Creditas,fintech,BR,latam,31,0,35,95,23
finisterre.com,Finisterre,retail,GB,europe,31,20,0,100,20
tabby.ai,Tabby,fintech,AE,mena,31,0,10,100,55
solana.com,Solana,fintech,US,north_america,31,0,10,100,58
dlocal.com,dLocal,fintech,UY,latam,31,0,10,100,58
biconomy.io,Biconomy,saas,IN,apac,31,0,35,95,20
na-kd.com,NA-KD,retail,SE,europe,31,0,10,100,58
taxfix.de,Taxfix,fintech,DE,europe,31,0,35,95,22
leesa.com,Leesa,retail,US,north_america,31,0,35,75,50
cyberpuerta.mx,Cyberpuerta,retail,MX,latam,30,0,35,85,30
supermart.ng,Supermart,retail,NG,africa,30,20,0,95,20
otto.de,Otto,retail,DE,europe,30,0,25,100,23
ocado.com,Ocado,retail,GB,europe,30,0,25,100,28
qonto.com,Qonto,fintech,FR,europe,30,0,35,100,5
wolt.com,Wolt,restaurant,FI,europe,30,0,35,75,43
trainline.com,Trainline,travel,GB,europe,30,0,25,75,60
99app.com,99 (DiDi Brazil),other,BR,latam,30,0,25,100,23
kuda.com,Kuda Bank,fintech,NG,africa,30,0,25,100,23
elkjop.no,Elkjop,retail,NO,europe,30,0,40,75,30
ft.com,Financial Times,media,GB,europe,30,5,25,90,28
alibaba.com,Alibaba,marketplace,CN,apac,30,0,35,90,20
tamara.co,Tamara,fintech,SA,mena,30,0,10,100,50
shopbop.com,Shopbop,retail,US,north_america,30,0,25,100,23
visa.com,Visa,fintech,US,north_america,30,0,10,95,55
discover.com,Discover,fintech,US,north_america,30,0,25,100,23
younited-credit.com,Younited Credit,fintech,FR,europe,30,0,25,100,23
helixsleep.com,Helix Sleep,retail,US,north_america,30,16,0,70,65
uol.com.br,UOL,media,BR,latam,29,0,35,80,30
abcdin.cl,Abcdin,retail,CL,latam,29,0,35,85,23
kelkoo.com,Kelkoo,marketplace,GB,europe,29,0,35,85,20
wickes.co.uk,Wickes,retail,GB,europe,29,0,22,100,25
kahoot.com,Kahoot,saas,NO,europe,29,0,25,100,20
gitlab.com,GitLab,saas,US,north_america,29,0,35,85,20
dafiti.com.br,Dafiti,retail,BR,latam,29,0,25,100,20
aave.com,Aave,fintech,GB,europe,29,0,25,95,25
tripadvisor.com,TripAdvisor,travel,US,north_america,29,0,35,85,20
paytm.com,Paytm,fintech,IN,apac,29,0,25,100,20
forbes.com,Forbes,other,US,north_america,29,0,35,80,28
travelstart.com,Travelstart,travel,ZA,africa,29,0,25,100,20
hubtel.com,Hubtel,fintech,GH,africa,29,0,35,85,23
bolt.new,Bolt,saas,US,north_america,29,0,35,85,20
moonpay.com,MoonPay,fintech,US,north_america,29,0,35,75,35
nuvemshop.com.br,Nuvemshop,saas,BR,latam,29,0,35,85,20
mulberry.com,Mulberry,retail,GB,europe,29,0,25,100,20
tiendanube.com,Tienda Nube,saas,AR,latam,29,0,35,85,20
alkosto.com,Alkosto,retail,CO,latam,28,0,25,95,20
homedepot.com,Home Depot,retail,US,north_america,28,0,35,75,25
wayfair.co.uk,Wayfair UK,retail,GB,europe,28,0,35,75,28
multiversx.com,MultiversX,fintech,RO,europe,28,0,35,75,25
flutterwave.com,Flutterwave,fintech,NG,africa,28,0,35,80,20
walmartmexico.com,Walmart Mexico,retail,MX,latam,28,0,25,95,20
unieuro.it,Unieuro,retail,IT,europe,28,0,35,75,28
clara.com,Clara,fintech,MX,latam,28,0,35,75,30
kueski.com,Kueski,fintech,MX,latam,28,0,35,75,27
wayfair.com,Wayfair,retail,US,north_america,28,0,35,75,28
bolt.eu,Bolt,marketplace,EE,europe,28,0,35,80,20
wish.com,Wish,marketplace,US,north_america,28,0,35,75,28
totvs.com,TOTVS,saas,BR,latam,28,0,35,75,25
autogpt.net,AutoGPT,saas,US,north_america,28,0,35,75,25
potterybarn.com,Pottery Barn,retail,US,north_america,28,0,0,100,53
nekuda.ai,Nekuda,fintech,US,north_america,28,0,35,80,20
mytheresa.com,Mytheresa,retail,DE,europe,28,0,0,100,55
daraz.pk,Daraz,marketplace,PK,apac,28,0,20,100,20
williams-sonoma.com,Williams Sonoma,retail,US,north_america,28,0,0,100,53
airbnb.com,Airbnb,travel,US,north_america,28,0,35,75,28
mumzworld.com,Mumzworld,retail,AE,mena,28,0,10,100,35
mollie.com,Mollie,fintech,NL,europe,28,0,35,75,28
rappi.com,Rappi,marketplace,CO,latam,27,0,35,75,20
nequi.com,Nequi,fintech,CO,latam,27,0,35,75,23
farmacity.com,Farmacity,retail,AR,latam,27,0,35,75,23
doto.com.mx,Doto,retail,MX,latam,27,0,35,75,23
buscape.com.br,Buscape,marketplace,BR,latam,27,0,35,75,23
kilimall.com,Kilimall,marketplace,KE,africa,27,0,25,85,23
bash.com,Bash (Takealot Fashion),retail,ZA,africa,27,0,35,75,23
hmizate.ma,Hmizate,retail,MA,africa,27,0,35,75,20
worldpay.com,Worldpay,fintech,US,north_america,27,0,10,100,28
fravega.com,Fravega,retail,AR,latam,27,0,34,75,23
wine.com.br,Wine.com.br,retail,BR,latam,27,0,35,75,20
deliveroo.co.uk,Deliveroo,restaurant,GB,europe,27,0,35,75,20
darktrace.com,Darktrace,saas,GB,europe,27,0,35,75,23
teamviewer.com,TeamViewer,saas,DE,europe,27,0,35,75,20
deliveroo.com,Deliveroo,marketplace,GB,europe,27,0,35,75,20
improbable.io,Improbable,saas,GB,europe,27,0,35,75,20
rakuten.com,Rakuten,marketplace,JP,apac,27,0,35,75,23
smartly.io,Smartly.io,saas,FI,europe,27,0,10,100,28
wise.com,Wise,fintech,GB,europe,27,0,35,75,23
azul.com.br,Azul Airlines,travel,BR,latam,27,0,10,100,28
paddle.com,Paddle,fintech,GB,europe,27,0,10,100,28
neon.com.br,Neon,fintech,BR,latam,27,0,10,100,28
fondeadora.com,Fondeadora,fintech,MX,latam,27,0,10,100,27
empik.com,Empik,retail,PL,europe,27,0,35,75,20
fastspring.com,FastSpring,fintech,US,north_america,27,0,35,75,20
kilimall.co.ke,Kilimall,marketplace,KE,africa,27,0,25,85,23
cowrywise.com,Cowrywise,fintech,NG,africa,27,0,25,85,25
luno.com,Luno,fintech,ZA,africa,27,0,10,100,28
stability.ai,Stability AI,saas,GB,europe,27,0,35,75,23
conekta.com,Conekta,fintech,MX,latam,27,0,10,100,27
nykaa.com,Nykaa,retail,IN,apac,27,0,35,75,20
doctoranytime.com.mx,Doctoralia MX,healthcare,MX,latam,27,0,35,75,23
recargapay.com.br,RecargaPay,fintech,BR,latam,27,0,10,100,28
nequi.com.co,Nequi,fintech,CO,latam,27,0,35,75,23
loft.com.br,Loft,other,BR,latam,27,0,35,75,23
doctoralia.com.br,Doctoralia BR,healthcare,BR,latam,27,0,35,75,23
yoco.com,Yoco,fintech,ZA,africa,27,0,35,75,20
google.com,Google,saas,US,north_america,27,0,15,100,20
grab.com,Grab,marketplace,SG,apac,27,0,35,75,20
culqi.com,Culqi,fintech,PE,latam,27,0,35,75,23
stone.co,Stone,fintech,BR,latam,27,0,35,75,20
lava.xyz,Lava,fintech,US,north_america,27,0,10,100,28
paymob.com,Paymob,fintech,EG,africa,27,0,10,95,35
brubank.com.ar,Brubank,fintech,AR,latam,27,0,10,100,28
premiumtimesng.com,Premium Times,media,NG,africa,27,0,35,75,23
konfio.mx,Konfio,fintech,MX,latam,27,0,10,100,30
privy.io,Privy,saas,US,north_america,27,0,10,100,28
oxxo.com,OXXO,retail,MX,latam,27,0,15,100,23
transak.com,Transak,fintech,IN,apac,27,0,10,100,30
bloom-wild.com,Bloom & Wild,retail,GB,europe,27,0,15,100,20
bitpay.com,BitPay,fintech,US,north_america,27,0,10,100,28
thirdweb.com,thirdweb,saas,US,north_america,27,0,10,100,28
squarespace.com,Squarespace,saas,US,north_america,27,0,35,75,20
saleor.io,Saleor,saas,PL,europe,27,0,35,75,20
elevenlabs.io,ElevenLabs,saas,US,north_america,27,0,35,75,23
tibber.com,Tibber,other,NO,europe,27,0,10,100,30
bux.com,BUX,fintech,NL,europe,27,0,35,75,20
jumbo.com.ar,Jumbo Argentina,retail,AR,latam,27,0,35,75,23
galileo-ft.com,Galileo,fintech,US,north_america,26,0,10,100,25
homecenter.com.co,Homecenter Colombia,retail,CO,latam,26,0,10,100,20
promart.pe,Promart,retail,PE,latam,26,0,10,100,20
mapbox.com,Mapbox,saas,US,north_america,26,0,10,100,23
masoko.com,Masoko (Safaricom),marketplace,KE,africa,26,0,10,100,20
arezzo.com.br,Arezzo,retail,BR,latam,26,0,35,70,23
huma.com,Huma,healthcare,GB,europe,26,0,10,100,23
mirakl.com,Mirakl,marketplace,FR,europe,26,0,10,100,25
contentsquare.com,Contentsquare,saas,FR,europe,26,0,10,100,25
playtomic.io,Playtomic,other,ES,europe,26,0,10,100,20
bitso.com,Bitso,fintech,MX,latam,26,0,10,100,25
mistral.ai,Mistral AI,saas,FR,europe,26,0,10,100,23
cognite.com,Cognite,saas,NO,europe,26,0,10,100,20
ouraring.com,Oura,retail,FI,europe,26,0,10,75,58
ebanx.com,EBANX,fintech,BR,latam,26,0,10,100,23
aboutyou.com,About You,retail,DE,europe,26,0,10,75,57
databricks.com,Databricks,saas,US,north_america,26,0,10,100,25
lider.cl,Lider (Walmart Chile),retail,CL,latam,26,0,35,70,23
pinecone.io,Pinecone,saas,US,north_america,26,0,10,100,20
weaviate.io,Weaviate,saas,NL,europe,26,0,10,100,20
trustly.com,Trustly,fintech,SE,europe,26,0,10,100,25
postman.com,Postman,saas,US,north_america,26,0,10,100,20
vipps.no,Vipps,fintech,NO,europe,26,0,10,100,20
groq.com,Groq,saas,US,north_america,26,0,10,100,23
snowflake.com,Snowflake,saas,US,north_america,26,0,10,100,20
lydia-app.com,Lydia,fintech,FR,europe,26,0,10,100,25
oda.com,Oda,retail,NO,europe,26,0,10,100,25
rohlik.cz,Rohlik,retail,CZ,europe,26,0,10,100,25
c6bank.com.br,C6 Bank,fintech,BR,latam,26,0,10,100,23
ariba.com,SAP Ariba,b2b,US,north_america,26,0,10,100,20
crewai.com,CrewAI,saas,US,north_america,26,0,10,100,20
nubank.com.br,Nubank,fintech,BR,latam,26,0,10,100,23
aboutyou.de,About You,retail,DE,europe,26,0,10,75,57
mediamarkt.com,MediaMarkt,retail,DE,europe,26,0,10,100,20
render.com,Render,api_computing,US,north_america,26,0,10,100,20
catena.xyz,Catena Labs,fintech,US,north_america,26,0,10,100,20
lido.fi,Lido Finance,fintech,US,north_america,26,0,10,100,25
commercetools.com,commercetools,saas,DE,europe,26,0,10,100,20
platzi.com,Platzi,saas,CO,latam,26,0,10,100,25
nowports.com,Nowports,b2b,MX,latam,26,0,10,100,20
mercadopago.com,Mercado Pago,fintech,AR,latam,26,0,10,95,30
addi.com,Addi,fintech,CO,latam,26,0,10,100,23
treinta.co,Treinta,saas,CO,latam,26,0,10,100,20
ulta.com,Ulta Beauty,retail,US,north_america,26,0,10,100,25
storicard.com,Stori,fintech,MX,latam,26,0,10,100,25
fintual.com,Fintual,fintech,CL,latam,26,0,10,100,20
tala.co,Tala,fintech,KE,africa,26,0,10,100,25
llamaindex.ai,LlamaIndex,saas,US,north_america,26,0,10,100,20
cal.com,Cal.com,saas,US,north_america,26,0,10,100,23
firecrawl.dev,Firecrawl,saas,US,north_america,26,0,10,100,25
e2b.dev,E2B,saas,CZ,europe,26,0,10,100,20
vapi.ai,Vapi,saas,US,north_america,26,0,10,100,23
amex.com,American Express,fintech,US,north_america,26,0,10,100,20
helicone.ai,Helicone,saas,US,north_america,26,0,10,100,20
wallapop.com,Wallapop,marketplace,ES,europe,26,0,10,100,23
phantom.app,Phantom Wallet,fintech,US,north_america,26,0,10,100,25
tata.com,Tata Digital,retail,IN,apac,26,0,10,100,23
langchain.com,LangChain,saas,US,north_america,26,0,10,100,20
cdiscount.com,Cdiscount,marketplace,FR,europe,26,0,10,100,20
fixie.ai,Fixie AI,saas,US,north_america,26,0,10,100,23
sadapay.pk,SadaPay,fintech,PK,apac,26,0,10,100,23
crypto.com,Crypto.com,fintech,SG,apac,26,0,10,100,25
airtel.mw,Airtel Malawi,other,MW,africa,26,0,10,100,25
americanexpress.com,American Express,fintech,US,north_america,26,0,10,100,20
dynamic.xyz,Dynamic,saas,US,north_america,26,0,10,100,25
banana.dev,Banana.dev,saas,US,north_america,26,0,10,100,20
olx.com.br,OLX Brazil,marketplace,BR,latam,26,0,10,100,23
apify.com,Apify,saas,CZ,europe,26,0,10,100,20
mixpanel.com,Mixpanel,saas,US,north_america,26,0,10,100,23
moniepoint.com,Moniepoint,fintech,NG,africa,26,0,10,100,20
stori.mx,Stori,fintech,MX,latam,26,0,10,100,25
kavak.com,Kavak,marketplace,MX,latam,26,0,10,100,20
dify.ai,Dify,saas,CN,apac,26,0,10,100,23
infura.io,Infura,saas,US,north_america,26,0,10,100,20
browserbase.com,Browserbase,saas,US,north_america,26,0,10,100,20
deepgram.com,Deepgram,saas,US,north_america,26,0,10,100,20
mcmaster.com,McMaster-Carr,b2b,US,north_america,26,0,10,100,23
wholefoods.com,Whole Foods,retail,US,north_america,26,0,10,100,20
zando.co.za,Zando,retail,ZA,africa,26,0,35,70,23
amazon-web-services.com,AWS,saas,US,north_america,26,0,10,100,20
yape.com.pe,Yape,fintech,PE,latam,26,0,10,100,23
bob.co.za,Bob Group,b2b,ZA,africa,26,0,10,100,20
ritual.co,Ritual,retail,CA,north_america,26,0,10,100,23
flodesk.com,Flodesk,saas,US,north_america,26,0,10,100,23
hismile.com,HiSmile,retail,AU,oceania,26,0,10,100,20
fairmarkit.com,FairMarkit,b2b,US,north_america,26,0,10,100,20
unimarket.com,Unimarket,b2b,US,north_america,26,0,10,100,20
brantleygilbert.com,Brantley Gilbert Store,retail,US,north_america,26,0,10,100,20
marriott.com,Marriott International,travel,US,north_america,26,0,10,100,23
pedidosya.com,PedidosYa,restaurant,PA,latam,25,0,10,95,20
piggyvest.com,PiggyVest,fintech,NG,africa,25,0,10,95,23
tink.com,Tink,fintech,SE,europe,25,0,10,95,25
walmart.com,Walmart,retail,US,north_america,25,0,35,75,8
zindi.africa,Zindi,saas,ZA,africa,25,0,10,95,23
veepee.fr,Veepee,retail,FR,europe,25,0,0,100,33
leroymerlin.fr,Leroy Merlin France,retail,FR,europe,25,0,25,75,28
rappi.com.mx,Rappi MX,restaurant,MX,latam,25,0,35,65,20
jumia.com.ng,Jumia Nigeria,marketplace,NG,africa,25,5,0,100,20
uala.com.ar,Uala,fintech,AR,latam,25,0,10,95,20
rappi.com.co,Rappi CO,restaurant,CO,latam,25,0,35,65,20
deepseek.com,DeepSeek,saas,CN,apac,25,0,10,95,20
rappi.com.br,Rappi BR,restaurant,BR,latam,25,0,35,65,20
fairmoney.ng,FairMoney,fintech,NG,africa,25,0,10,95,20
buenbit.com,Buenbit,fintech,AR,latam,25,0,10,95,25
showroomprive.com,Showroomprive,retail,FR,europe,25,0,25,75,23
safeboda.com,SafeBoda,other,UG,africa,25,0,10,95,20
jomashop.com,Jomashop,retail,US,north_america,25,0,0,100,30
mrdapp.com,Mr D Food,restaurant,ZA,africa,25,0,10,75,50
didi-food.com,DiDi Food,marketplace,MX,latam,25,0,10,95,20
paga.com,Paga,fintech,NG,africa,25,0,10,95,23
spectral.finance,Spectral Finance,fintech,US,north_america,25,0,10,95,20
fivetran.com,Fivetran,saas,US,north_america,25,0,10,95,20
tavily.com,Tavily,saas,US,north_america,25,0,10,95,20
wormhole.com,Wormhole,fintech,US,north_america,25,0,10,95,25
base.org,Base (Coinbase L2),fintech,US,north_america,25,0,10,95,20
etsy.com,Etsy,marketplace,US,north_america,25,6,0,100,20
nordstrom.com,Nordstrom,retail,US,north_america,24,0,0,100,28
jumia.com.eg,Jumia Egypt,marketplace,EG,africa,24,5,0,95,20
suburbia.com.mx,Suburbia,retail,MX,latam,24,0,0,100,28
mrprice.com,Mr Price,retail,ZA,africa,24,0,0,100,25
esselunga.it,Esselunga,retail,IT,europe,24,0,25,75,20
n8n.io,n8n,saas,DE,europe,24,0,35,60,20
zalando.de,Zalando,marketplace,DE,europe,24,0,0,100,27
multicaja.cl,Multicaja,fintech,CL,latam,24,0,10,75,45
amazon.com,Amazon,marketplace,US,north_america,24,6,10,80,23
lahaus.com,La Haus,other,CO,latam,24,0,35,60,20
instacart.com,Instacart,marketplace,US,north_america,24,0,35,60,20
ankorstore.com,Ankorstore,marketplace,FR,europe,24,4,25,60,25
mercadoshops.com,MercadoShops,marketplace,AR,latam,24,0,0,100,25
jumia.com.gh,Jumia Ghana,marketplace,GH,africa,24,5,0,95,20
buscalibre.com,BuscaLibre,marketplace,CL,latam,24,0,10,90,20
redbullshop.com,Red Bull Shop,retail,US,north_america,24,0,0,75,63
grupounicomer.com,Grupo Unicomer,retail,GT,latam,23,0,0,100,20
ryanair.com,Ryanair,travel,IE,europe,23,0,0,100,20
mercadolibre.com,Mercado Libre HQ,marketplace,AR,latam,23,0,0,100,23
carrefour.com.br,Carrefour Brazil,retail,BR,latam,23,0,0,100,20
kogan.com,Kogan,retail,AU,apac,23,0,0,100,20
2b.com.eg,2B Egypt,retail,EG,africa,23,0,0,100,20
andrea.com,Andrea Mexico,retail,MX,latam,23,0,0,100,20
elpalaciodehierro.com,Palacio de Hierro,retail,MX,latam,23,0,0,100,20
jumia.co.ke,Jumia Kenya,marketplace,KE,africa,23,0,0,100,20
wasoko.com,Wasoko,b2b,KE,africa,23,0,0,100,20
zuricart.co.ke,Zuricart,retail,KE,africa,23,0,0,100,20
sokowatch.com,Soko (MarketForce),b2b,KE,africa,23,0,0,100,20
samsung.com.br,Samsung Brazil,retail,BR,latam,23,0,0,100,20
plazavea.com.pe,PlazaVea,retail,PE,latam,23,0,0,100,20
dealdey.com,DealDey,marketplace,NG,africa,23,0,0,100,20
builders.co.za,Builders Warehouse,retail,ZA,africa,23,0,0,100,20
pnp.co.za,Pick n Pay,retail,ZA,africa,23,0,0,100,23
paris.cl,Paris Chile,retail,CL,latam,23,0,0,100,20
americamovil.com,America Movil,retail,MX,latam,23,0,0,100,20
game.co.za,Game,retail,ZA,africa,23,0,0,100,20
payporte.com,PayPorte,marketplace,NG,africa,23,0,0,100,20
doctolib.de,Doctolib DE,healthcare,DE,europe,23,0,0,100,20
decathlon.fr,Decathlon France,retail,FR,europe,23,0,0,100,20
mediamarkt.es,MediaMarkt Spain,retail,ES,europe,23,0,0,100,20
tkmaxx.com,TK Maxx,retail,GB,europe,23,0,0,100,20
boots.com,Boots,retail,GB,europe,23,0,0,100,20
mediaworld.it,MediaWorld Italy,retail,IT,europe,23,0,0,100,20
onbuy.com,OnBuy,marketplace,GB,europe,23,0,0,100,20
notino.de,Notino,retail,DE,europe,23,0,0,100,20
manomano.com,ManoMano,retail,FR,europe,23,0,0,100,23
canva.com,Canva,saas,AU,apac,23,0,0,100,20
booking.com,Booking.com,travel,NL,europe,23,0,0,100,20
grubhub.com,Grubhub,marketplace,US,north_america,23,0,0,100,20
mediamarkt.de,MediaMarkt,retail,DE,europe,23,0,0,100,20
traderepublic.com,Trade Republic,fintech,DE,europe,23,0,10,85,20
blablacar.com,BlaBlaCar,travel,FR,europe,23,0,0,100,20
expedia.com,Expedia,travel,US,north_america,23,0,0,100,20
doctolib.fr,Doctolib,healthcare,FR,europe,23,0,0,100,20
saturn.de,Saturn,retail,DE,europe,23,0,0,100,20
hungryroot.com,Hungryroot,retail,US,north_america,23,0,0,100,20
gojek.com,GoJek,marketplace,ID,apac,23,0,0,100,20
allegro.pl,Allegro,marketplace,PL,europe,23,0,0,100,20
docplanner.com,DocPlanner,healthcare,PL,europe,23,0,0,100,20
patagonia.com,Patagonia,retail,US,north_america,23,0,0,100,20
carrefour.com,Carrefour,retail,FR,europe,23,0,0,100,20
zalora.com,Zalora,retail,SG,apac,23,0,0,100,20
shopee.sg,Shopee Singapore,marketplace,SG,apac,23,0,0,100,23
carrefour.es,Carrefour Spain,retail,ES,europe,23,0,0,100,20
revolut.com,Revolut,fintech,GB,europe,23,0,0,100,20
chroma.ai,Chroma,saas,US,north_america,23,0,0,100,20
bol.com,Bol.com,marketplace,NL,europe,23,0,0,100,20
binance.com,Binance,fintech,KY,apac,23,0,0,100,20
tottus.com,Tottus,retail,PE,latam,23,0,0,100,20
wise.jobs,Wise Careers,other,EE,europe,23,0,10,75,35
palmpay.com,PalmPay,fintech,NG,africa,23,0,0,100,20
lavalabs.xyz,Lava,fintech,US,north_america,23,0,0,100,20
freshly.com,Freshly,retail,US,north_america,23,0,0,100,20
mtn.com.gh,MTN Ghana,other,GH,africa,23,0,0,100,20
takealot.com,Takealot,marketplace,ZA,africa,23,0,0,100,20
moralis.io,Moralis,saas,SE,europe,23,0,0,100,20
niubiz.com.pe,Niubiz,fintech,PE,latam,23,0,0,100,20
shopee.com.br,Shopee Brazil,marketplace,BR,latam,23,0,0,100,23
lyft.com,Lyft,other,US,north_america,23,0,0,100,20
ripio.com,Ripio,fintech,AR,latam,23,0,0,100,20
sabi.am,Sabi,b2b,NG,africa,23,0,0,100,20
paykobo.com,Paykobo,retail,NG,africa,23,0,0,100,20
manomano.fr,ManoMano,marketplace,FR,europe,23,0,0,100,20
stcpay.com.sa,stc pay,fintech,SA,mena,23,0,0,100,20
tokopedia.com,Tokopedia,marketplace,ID,apac,23,0,0,100,20
walgreens.com,Walgreens,retail,US,north_america,23,0,0,100,23
worten.pt,Worten,retail,PT,europe,23,0,0,100,20
pichau.com.br,Pichau,retail,BR,latam,23,0,0,100,20
kraken.com,Kraken,fintech,US,north_america,23,0,0,100,20
mercadolibre.co,Mercado Libre Colombia,marketplace,CO,latam,23,0,0,100,23
openpay.mx,Openpay,fintech,MX,latam,23,0,10,85,20
mercari.com,Mercari,marketplace,JP,apac,23,0,0,100,20
branch.co,Branch,fintech,KE,africa,23,0,0,100,23
jd.com,JD.com,marketplace,CN,apac,23,0,0,100,22
amref.org,Amref Health,healthcare,KE,africa,23,0,0,100,20
theeastafrican.co.ke,The East African,media,KE,africa,23,0,0,100,20
zalando.com,Zalando,retail,DE,europe,23,0,0,100,20
irembo.gov.rw,Irembo,other,RW,africa,23,0,0,100,20
uber.com,Uber,marketplace,US,north_america,23,0,0,100,23
rapidapi.com,RapidAPI,marketplace,US,north_america,23,0,0,100,20
reliance.com,Reliance Retail,retail,IN,apac,23,0,0,100,20
primark.com,Primark,retail,IE,europe,23,0,0,95,25
orange.ci,Orange CI,other,CI,africa,23,0,0,100,20
solarisbank.com,Solarisbank,fintech,DE,europe,23,0,0,100,20
souq.com,Souq (Amazon MENA),marketplace,AE,mena,23,0,0,100,20
toast.com,Toast,saas,US,north_america,23,0,0,100,20
taobao.com,Taobao,marketplace,CN,apac,23,0,0,100,20
expresspaygh.com,expressPay,fintech,GH,africa,23,0,0,100,20
stockx.com,StockX,marketplace,US,north_america,23,0,0,100,20
mpharma.com,mPharma,healthcare,GH,africa,23,0,0,100,20
farfetch.com,Farfetch,marketplace,PT,europe,23,0,0,100,20
lazada.com,Lazada,marketplace,SG,apac,23,0,0,100,20
aliexpress.com,AliExpress,marketplace,CN,apac,23,0,0,100,20
stori.com.mx,Stori,fintech,MX,latam,23,0,0,100,20
loaf.com,Loaf,retail,GB,europe,23,0,0,100,20
charlottetilbury.com,Charlotte Tilbury,retail,GB,europe,23,0,0,100,20
serper.dev,Serper,saas,US,north_america,23,0,0,100,23
leboncoin.fr,Leboncoin,marketplace,FR,europe,23,0,0,100,20
digikey.com,DigiKey,b2b,US,north_america,23,0,0,100,20
swiggy.com,Swiggy,marketplace,IN,apac,23,0,0,100,20
bigbasket.com,BigBasket,retail,IN,apac,23,0,0,100,20
cornershop.com,Cornershop,marketplace,CL,latam,23,0,0,100,23
terrapay.com,TerraPay,fintech,SG,apac,23,0,0,100,20
bravissimo.com,Bravissimo,retail,GB,europe,23,0,0,100,20
mpesa.com,M-Pesa,fintech,KE,africa,23,0,0,100,20
chewy.com,Chewy,retail,US,north_america,23,0,0,100,20
cea.com.br,C&A Brazil,retail,BR,latam,23,0,0,100,20
wakanow.com,Wakanow,travel,NG,africa,23,0,0,100,20
grainger.com,Grainger,b2b,US,north_america,23,0,0,100,20
carrefour.fr,Carrefour France,retail,FR,europe,23,0,0,100,20
volaris.com,Volaris,travel,MX,latam,23,0,0,100,23
glovo.com,Glovo,marketplace,ES,europe,23,0,0,100,20
ao.com,AO.com,retail,GB,europe,23,0,0,100,20
fastshop.com.br,Fast Shop,retail,BR,latam,23,0,0,100,20
fiverr.com,Fiverr,marketplace,US,north_america,23,0,0,100,20
cvs.com,CVS,retail,US,north_america,23,0,0,100,20
pipe.com,Pipe,fintech,US,north_america,23,0,0,100,20
ghost.org,Ghost,saas,US,north_america,23,0,0,100,20
marketforce.app,MarketForce,marketplace,KE,africa,23,0,0,100,20
sezane.com,Sezane,retail,FR,europe,23,0,0,100,20
maje.com,Maje,retail,FR,europe,23,0,0,100,20
wefox.com,Wefox,fintech,DE,europe,23,0,0,100,20
undostres.com.mx,UnDosTres,fintech,MX,latam,23,0,0,100,20
junglescout.com,Jungle Scout,saas,US,north_america,23,0,0,100,20
bonsai.com,Bonsai,saas,US,north_america,23,0,0,100,20
mnotify.com,mNotify,saas,GH,africa,23,0,0,100,20
nativeshoes.com,Native Shoes,retail,CA,north_america,23,0,0,100,20
snow.co,Snow Oral Care,retail,US,north_america,23,0,0,100,20
agoda.com,Agoda,travel,SG,asia,23,0,0,100,23
hims.com,Hims,retail,US,north_america,23,0,0,100,20
hilton.com,Hilton Hotels,travel,US,north_america,23,0,0,100,20
medusa.js.org,Medusa,saas,DK,europe,22,0,0,95,20
cloudflare.com,Cloudflare,api_computing,US,north_america,22,0,0,95,20
tigo.com.gt,Tigo Guatemala,other,GT,latam,22,0,0,95,20
interswitch.com,Interswitch,fintech,NG,africa,22,0,0,95,20
petz.com.br,Petz,retail,BR,latam,22,0,0,95,20
boticario.com.br,O Boticario,retail,BR,latam,22,0,0,95,20
havan.com.br,Havan,retail,BR,latam,22,0,0,95,23
kabum.com.br,KaBuM!,retail,BR,latam,22,0,0,95,23
midjourney.com,Midjourney,saas,US,north_america,22,0,0,95,20
rakuten.co.jp,Rakuten,marketplace,JP,apac,22,0,0,95,20
sephora.com,Sephora,retail,US,north_america,22,0,0,95,20
bestbuy.com,Best Buy,retail,US,north_america,22,0,0,95,20
costco.com,Costco,retail,US,north_america,22,0,0,95,20
riachuelo.com.br,Riachuelo,retail,BR,latam,22,0,0,95,20
solaris.de,Solaris,fintech,DE,europe,22,0,0,95,20
linio.com.co,Linio Colombia,marketplace,CO,latam,22,0,0,95,20
zoobashop.com,Zoobashop,retail,GH,africa,22,0,0,95,20
privalia.com.mx,Privalia Mexico,retail,MX,latam,22,0,0,95,20
jumia.co.za,Jumia South Africa,marketplace,ZA,africa,22,0,10,60,50
easyjet.com,EasyJet,travel,GB,europe,22,0,0,95,20
jumia.ma,Jumia Morocco,marketplace,MA,africa,22,0,0,95,20
electroplanet.ma,Electroplanet,retail,MA,africa,22,0,0,95,20
tradedepot.co,TradeDepot,b2b,NG,africa,22,0,0,95,20
kara.com.ng,Kara,retail,NG,africa,22,0,0,95,20
jiji.ng,Jiji Nigeria,marketplace,NG,africa,22,0,0,95,20
leroy merlin.co.za,Leroy Merlin SA,retail,ZA,africa,22,0,0,95,20
tayara.tn,Tayara Tunisia,marketplace,TN,africa,22,0,0,95,20
mytek.tn,Mytek Tunisia,retail,TN,africa,22,0,0,95,20
obeezi.com,Obeezi,retail,NG,africa,22,0,0,95,20
dion-wired.co.za,Dion Wired,retail,ZA,africa,22,0,0,95,20
netflorist.co.za,NetFlorist,retail,ZA,africa,22,0,0,95,20
cencosud.cl,Cencosud,retail,CL,latam,22,0,0,95,20
tiendasjumbo.co,Jumbo Colombia,retail,CO,latam,22,0,0,95,20
ripley.cl,Ripley Chile,retail,CL,latam,22,0,0,95,20
superbalist.com,Superbalist,retail,ZA,africa,22,0,0,95,20
pontofrio.com.br,Ponto Frio,retail,BR,latam,22,0,0,95,20
amazon.eg,Amazon Egypt,marketplace,EG,africa,22,0,10,80,23
twiga.com,Twiga Foods,b2b,KE,africa,22,0,0,95,20
marjane.ma,Marjane,retail,MA,africa,22,0,0,95,20
jumia.com.tn,Jumia Tunisia,marketplace,TN,africa,22,0,0,95,20
dischem.co.za,Dis-Chem,retail,ZA,africa,22,0,0,95,20
tfg.co.za,TFG (The Foschini Group),retail,ZA,africa,22,0,0,95,20
wantitall.co.za,WantItAll,retail,ZA,africa,22,0,0,95,20
dexter.com.ar,Dexter Argentina,retail,AR,latam,22,0,0,95,20
epocacosmeticos.com.br,Epoca Cosmeticos,retail,BR,latam,22,0,0,95,20
deprati.com.ec,De Prati,retail,EC,latam,22,0,0,95,20
linio.com.mx,Linio,marketplace,MX,latam,22,0,0,95,20
tonaton.com,Tonaton,marketplace,GH,africa,22,0,0,95,20
cazoo.co.uk,Cazoo,other,GB,europe,22,0,0,95,20
onedayonly.co.za,OneDayOnly,retail,ZA,africa,22,0,0,95,20
extra.com.br,Extra,retail,BR,latam,22,0,0,95,20
sanborns.com.mx,Sanborns,retail,MX,latam,22,0,0,95,20
renner.com.br,Renner,retail,BR,latam,22,0,0,95,20
copia.co.ke,Copia Kenya,retail,KE,africa,22,0,0,95,20
bidorbuy.co.za,bidorbuy,marketplace,ZA,africa,22,0,0,95,20
cape-union-mart.co.za,Cape Union Mart,retail,ZA,africa,22,0,0,95,20
spree.co.za,Spree,retail,ZA,africa,22,0,0,95,20
belezanaweb.com.br,Beleza na Web,retail,BR,latam,22,0,0,95,20
prozis.com,Prozis,retail,PT,europe,22,0,0,95,20
salud-digna.org,Salud Digna,healthcare,MX,latam,22,0,0,95,20
babylonhealth.com,Babylon Health,healthcare,GB,europe,22,0,0,95,20
b.tech.com,B.TECH Egypt,retail,EG,africa,22,0,0,95,20
bestbuy.com.mx,Best Buy Mexico,retail,MX,latam,22,0,0,95,20
t-mobile.com,T-Mobile,telecom,US,north_america,22,0,0,95,20
jiji.com.gh,Jiji Ghana,marketplace,GH,africa,22,0,0,95,20
chedraui.com.mx,Chedraui,retail,MX,latam,22,0,0,95,20
vconnect.com,VConnect,marketplace,NG,africa,22,0,0,95,20
pigiame.co.ke,PigiaMe,marketplace,KE,africa,22,0,0,95,20
mediamarkt.ma,MediaMarkt Morocco,retail,MA,africa,22,0,0,95,20
avito.ma,Avito Morocco,marketplace,MA,africa,22,0,0,95,20
africanmall.com,AfricanMall,marketplace,NG,africa,22,0,0,95,20
jumia.ug,Jumia Uganda,marketplace,UG,africa,22,0,0,95,20
checkers.co.za,Checkers,retail,ZA,africa,22,0,0,95,20
hi-online.co.za,HiFi Corp,retail,ZA,africa,22,0,0,95,20
loot.co.za,Loot,marketplace,ZA,africa,22,0,0,95,20
musimundo.com,Musimundo,retail,AR,latam,22,0,0,95,20
garbarino.com,Garbarino,retail,AR,latam,22,0,0,95,20
zattini.com.br,Zattini,retail,BR,latam,22,0,0,95,20
girafa.com.br,Girafa,retail,BR,latam,22,0,0,95,20
lacoste.com.br,Lacoste Brazil,retail,BR,latam,22,0,0,95,20
leroymerlin.com.br,Leroy Merlin Brazil,retail,BR,latam,22,0,0,95,20
just-eat.co.uk,Just Eat,restaurant,GB,europe,22,0,0,95,20
douglas.de,Douglas,retail,DE,europe,22,0,0,95,20
pccomponentes.com,PcComponentes,retail,ES,europe,22,0,0,95,20
argos.co.uk,Argos,retail,GB,europe,22,0,0,95,20
jdsports.co.uk,JD Sports,retail,GB,europe,22,0,0,95,20
theperfumeshop.com,The Perfume Shop,retail,GB,europe,22,0,0,95,20
sephora.fr,Sephora France,retail,FR,europe,22,0,0,95,20
screwfix.com,Screwfix,retail,GB,europe,22,0,0,95,20
next.co.uk,Next,retail,GB,europe,22,0,0,95,20
therange.co.uk,The Range,retail,GB,europe,22,0,0,95,20
iceland.co.uk,Iceland,retail,GB,europe,22,0,10,75,33
eprice.it,ePrice,marketplace,IT,europe,22,0,0,95,20
personio.de,Personio,saas,DE,europe,22,0,0,95,20
amazon.es,Amazon Spain,marketplace,ES,europe,22,0,10,80,23
mpesa.in,M-Pesa,fintech,KE,africa,22,0,0,95,20
boulanger.com,Boulanger,retail,FR,europe,22,0,0,95,20
netonnet.se,NetOnNet,retail,SE,europe,22,0,0,95,20
tesco.com,Tesco,retail,GB,europe,22,0,0,95,20
wong.pe,Wong,retail,PE,latam,22,0,0,95,20
uniqlo.com,Uniqlo,retail,JP,apac,22,0,0,95,20
superdrug.com,Superdrug,retail,GB,europe,22,0,0,95,20
alza.cz,Alza,retail,CZ,europe,22,0,0,95,20
coinbase.com,Coinbase,protocol_active,US,north_america,22,0,0,95,20
deel.com,Deel,saas,US,north_america,22,0,0,95,20
atlassian.com,Atlassian,protocol_active,AU,asia,22,0,0,95,20
fnac.com,Fnac,retail,FR,europe,22,0,0,95,20
coolblue.nl,Coolblue,retail,NL,europe,22,0,0,95,20
zara.com,Zara,retail,ES,europe,22,0,0,95,20
elgiganten.se,Elgiganten,retail,SE,europe,22,0,10,75,30
asos.com,ASOS,retail,GB,europe,22,0,0,95,20
selfridges.com,Selfridges,retail,GB,europe,22,0,0,95,20
wildberries.ru,Wildberries,marketplace,RU,europe,22,0,0,95,20
trade-republic.com,Trade Republic,fintech,DE,europe,22,0,0,95,20
theguardian.com,The Guardian,media,GB,europe,22,0,0,95,20
chargebee.com,Chargebee,saas,US,north_america,22,0,0,95,20
personio.com,Personio,saas,DE,europe,22,0,0,95,20
upwork.com,Upwork,marketplace,US,north_america,22,0,0,95,20
hellofresh.com,HelloFresh,retail,US,north_america,22,0,10,75,33
deliveryhero.com,Delivery Hero,restaurant,DE,europe,22,0,0,95,20
waitrose.com,Waitrose,retail,GB,europe,22,0,0,95,20
hm.com,H&M,retail,SE,europe,22,0,0,95,20
galaxus.ch,Galaxus,marketplace,CH,europe,22,0,0,95,20
mall.cz,Mall.cz,marketplace,CZ,europe,22,0,0,95,20
vestiairecollective.com,Vestiaire Collective,retail,FR,europe,22,0,0,95,20
takeaway.com,Takeaway.com,restaurant,NL,europe,22,0,0,95,20
currys.co.uk,Currys,retail,GB,europe,22,0,0,95,20
notebooksbilliger.de,Notebooksbilliger,retail,DE,europe,22,0,0,95,20
smava.de,Smava,fintech,DE,europe,22,0,0,95,20
copaair.com,Copa Airlines,travel,PA,latam,22,0,0,95,20
jazzcash.com.pk,JazzCash,fintech,PK,apac,22,0,0,95,20
neon.tech,Neon,api_computing,US,north_america,22,0,0,95,20
notion.so,Notion,protocol_active,US,north_america,22,0,0,95,20
wilko.com,Wilko,retail,GB,europe,22,0,0,95,20
allbirds.com,Allbirds,protocol_active,US,north_america,22,0,0,95,20
subito.it,Subito,marketplace,IT,europe,22,0,0,95,20
yoox.com,YOOX,retail,IT,europe,22,0,0,95,20
sodimac.com,Sodimac,retail,CL,latam,22,0,0,95,20
inpost.pl,InPost,other,PL,europe,22,0,0,95,20
sportsdirect.com,Sports Direct,retail,GB,europe,22,0,0,95,20
komplett.no,Komplett,retail,NO,europe,22,0,0,95,20
mambu.com,Mambu,fintech,DE,europe,22,0,0,95,20
soriana.com,Soriana,retail,MX,latam,22,0,0,95,20
disney.com,Disney,retail,US,north_america,22,0,0,95,20
lemoncash.com.ar,Lemon Cash,fintech,AR,latam,22,0,0,95,20
farmaciasdesimilares.com.mx,Farmacias Similares,healthcare,MX,latam,22,0,0,95,20
huggingface.co,Hugging Face,api_computing,US,north_america,22,0,0,95,20
latamairlines.com,LATAM Airlines,travel,CL,latam,22,0,0,95,20
bigcommerce.com,BigCommerce,protocol_active,US,north_america,22,0,0,95,20
lifemiles.com,LifeMiles,travel,CO,latam,22,0,0,95,20
shopify.com,Shopify,protocol_active,CA,north_america,22,0,0,95,20
fruugo.com,Fruugo,marketplace,GB,europe,22,0,0,95,20
myntra.com,Myntra,retail,IN,apac,22,0,0,95,20
nytimes.com,New York Times,media,US,north_america,22,0,0,95,20
substack.com,Substack,media,US,north_america,22,0,0,95,20
github.com,GitHub,protocol_active,US,north_america,22,0,0,95,20
mkopa.com,M-KOPA,other,KE,africa,22,0,0,95,20
square.com,Square,protocol_active,US,north_america,22,0,0,95,20
digitec.ch,Digitec,retail,CH,europe,22,0,0,95,20
amazon.it,Amazon Italy,marketplace,IT,europe,22,0,10,80,23
wehkamp.nl,Wehkamp,retail,NL,europe,22,0,0,95,20
flipkart.com,Flipkart,marketplace,IN,apac,22,0,0,95,20
kevin.eu,Kevin,fintech,LT,europe,22,0,0,95,20
furgonetka.pl,Furgonetka,other,PL,europe,22,0,0,95,20
economist.com,The Economist,media,GB,europe,22,0,0,95,20
spotify.com,Spotify,media,SE,europe,22,0,0,95,20
vercel.com,Vercel,api_computing,US,north_america,22,0,0,95,20
railway.app,Railway,api_computing,US,north_america,22,0,0,95,20
news24.com,News24,media,ZA,africa,22,0,0,95,20
flink.com,Flink,retail,DE,europe,22,0,0,95,20
fireworks.ai,Fireworks AI,api_computing,US,north_america,22,0,0,95,20
gumroad.com,Gumroad,protocol_active,US,north_america,22,0,0,95,20
hepsiburada.com,Hepsiburada,marketplace,TR,europe,22,0,0,95,20
net-a-porter.com,Net-a-Porter,retail,GB,europe,22,0,0,95,20
airtel.in,Bharti Airtel,telecom,IN,asia,22,0,0,95,20
bloomberg.com,Bloomberg,media,US,north_america,22,0,0,95,20
lightspeedhq.com,Lightspeed,saas,CA,north_america,22,0,0,95,20
supabase.com,Supabase,api_computing,US,north_america,22,0,0,95,20
away.com,Away,retail,US,north_america,22,0,0,95,20
segment.com,Segment,saas,US,north_america,22,0,0,95,20
doordash.com,DoorDash,marketplace,US,north_america,22,0,0,95,20
perplexity.ai,Perplexity,protocol_active,US,north_america,22,0,0,95,20
n11.com,n11,marketplace,TR,europe,22,0,0,95,20
liverpool.com.mx,Liverpool,retail,MX,latam,22,0,0,95,20
rappi.pe,Rappi PE,restaurant,PE,latam,22,0,0,95,20
reuters.com,Reuters,media,GB,europe,22,0,0,95,20
sympla.com.br,Sympla,other,BR,latam,22,0,0,95,20
modal.com,Modal,api_computing,US,north_america,22,0,0,95,20
frubana.com,Frubana,b2b,CO,latam,22,0,0,95,20
asana.com,Asana,protocol_active,US,north_america,22,0,0,95,20
ripley.com.pe,Ripley Peru,retail,PE,latam,22,0,0,95,20
paystack.com,Paystack,fintech,NG,africa,22,0,0,95,20
noon.com,Noon,marketplace,AE,mena,22,0,0,95,20
chipper.io,Chipper Cash,fintech,GH,africa,22,0,0,95,20
gusto.com,Gusto,saas,US,north_america,22,0,0,95,20
jfresco.com,Jfresco,restaurant,MX,latam,22,0,0,95,20
flixbus.de,FlixBus DE,travel,DE,europe,22,0,0,95,20
agrofy.com.ar,Agrofy,marketplace,AR,latam,22,0,0,95,20
merqueo.com,Merqueo,retail,CO,latam,22,0,0,95,20
circle.com,Circle,fintech,US,north_america,22,0,0,95,20
carbon.ng,Carbon,fintech,NG,africa,22,0,0,95,20
linear.app,Linear,saas,US,north_america,22,0,0,95,20
littlecab.co.ke,Little Cab,other,KE,africa,22,0,0,95,20
mtn.co.rw,MTN Rwanda,other,RW,africa,22,0,0,95,20
woolworths.co.za,Woolworths SA,retail,ZA,africa,22,0,0,95,20
algolia.com,Algolia,saas,FR,europe,22,0,0,95,20
verizon.com,Verizon,telecom,US,north_america,22,0,0,95,20
patricia.com.ng,Patricia,fintech,NG,africa,22,0,0,95,20
chainlink.com,Chainlink,saas,US,north_america,22,0,0,95,20
holaluz.com,Holaluz,other,ES,europe,22,0,0,95,20
bbc.com,BBC,media,GB,europe,22,0,0,95,20
lemon-squeezy.com,Lemon Squeezy,saas,US,north_america,22,0,0,95,20
kyosk.app,Kyosk,b2b,KE,africa,22,0,0,95,20
erli.pl,Erli,marketplace,PL,europe,22,0,0,95,20
cinetpay.com,CinetPay,fintech,CI,africa,22,0,0,95,20
planetscale.com,PlanetScale,api_computing,US,north_america,22,0,0,95,20
together.ai,Together AI,api_computing,US,north_america,22,0,0,95,20
figs.com,FIGS,retail,US,north_america,22,0,0,95,20
pennylane.com,Pennylane,fintech,FR,europe,22,0,0,95,20
mango.com,Mango,retail,ES,europe,22,0,0,95,20
adidas.com,Adidas,retail,US,north_america,22,0,0,95,20
travelperk.com,TravelPerk,saas,ES,europe,22,0,0,95,20
three.co.uk,Three UK,telecom,GB,europe,22,0,0,95,20
ualá.com.ar,Ualá,fintech,AR,latam,22,0,0,95,20
zapper.com,Zapper,fintech,ZA,africa,22,0,0,95,20
openai.com,OpenAI,api_computing,US,north_america,22,0,0,95,20
twigafoods.com,Twiga Foods,b2b,KE,africa,22,0,0,95,20
cellulant.io,Cellulant,fintech,KE,africa,22,0,0,95,20
healthit.ke,HealthIT,healthcare,KE,africa,22,0,0,95,20
linio.com,Linio,marketplace,MX,latam,22,0,0,95,20
getir.com,Getir,retail,DE,europe,22,0,0,95,20
privalia.com,Privalia,retail,ES,europe,22,0,0,95,20
thunes.com,Thunes,fintech,SG,apac,22,0,0,95,20
jumia.com,Jumia,marketplace,NG,africa,22,0,10,60,50
tigo.com.co,Tigo Colombia,telecom,CO,latam,22,0,0,95,20
casasbahia.com.br,Casas Bahia,retail,BR,latam,22,0,0,95,20
lipalater.com,Lipa Later,fintech,KE,africa,22,0,0,95,20
zurichat.com,Zuri Chat,saas,KE,africa,22,0,0,95,20
orange.com,Orange,telecom,FR,europe,22,0,0,95,20
entel.cl,Entel Chile,telecom,CL,latam,22,0,0,95,20
centauro.com.br,Centauro,retail,BR,latam,22,0,0,95,20
yo.co.ug,Yo Uganda,fintech,UG,africa,22,0,0,95,20
smartbill.ro,SmartBill,saas,RO,europe,22,0,0,95,20
ride.com.et,Ride ET,other,ET,africa,22,0,0,95,20
moneygram.com,MoneyGram,fintech,US,north_america,22,0,10,75,28
tnm.co.mw,TNM Malawi,other,MW,africa,22,0,0,95,20
mediclinic.co.za,Mediclinic,healthcare,ZA,africa,22,0,0,95,20
agentopolis.ai,Agentopolis,saas,US,north_america,22,0,0,95,20
palacio.mx,Palacio de Hierro,retail,MX,latam,22,0,0,95,20
starling.com,Starling Bank,fintech,UK,europe,22,0,0,95,20
amazon.com.br,Amazon Brazil,marketplace,BR,latam,22,0,10,80,23
jiomart.com,JioMart,marketplace,IN,apac,22,0,0,95,20
lululemon.com,Lululemon,retail,US,north_america,22,0,0,95,20
mongodb.com,MongoDB,api_computing,US,north_america,22,0,0,95,20
sendy.co.ke,Sendy,other,KE,africa,22,0,0,95,20
maxab.io,MaxAB,b2b,EG,africa,22,0,0,95,20
telebirretb.com.et,Telebirr,fintech,ET,africa,22,0,0,95,20
netcare.co.za,Netcare,healthcare,ZA,africa,22,0,0,95,20
flywairlines.com,flyWair,travel,ZA,africa,22,0,0,95,20
coupang.com,Coupang,marketplace,KR,apac,22,0,0,95,20
mastercard.com,Mastercard,fintech,US,north_america,22,0,0,95,20
fastenal.com,Fastenal,b2b,US,north_america,22,0,0,95,20
pagseguro.com.br,PagSeguro,fintech,BR,latam,22,0,0,95,20
fawry.com,Fawry,fintech,EG,africa,22,0,0,95,20
travelstart.co.za,Travelstart,travel,ZA,africa,22,0,0,95,20
brack.ch,Brack.ch,retail,CH,europe,22,0,0,95,20
swisscom.ch,Swisscom,telecom,CH,europe,22,0,0,95,20
modivo.pl,Modivo,retail,PL,europe,22,0,0,95,20
sentry.io,Sentry,api_computing,US,north_america,22,0,0,95,20
redis.io,Redis,api_computing,US,north_america,22,0,0,95,20
zapier.com,Zapier,protocol_active,US,north_america,22,0,0,95,20
kogan.com.au,Kogan,retail,AU,apac,22,0,0,95,20
trouva.com,Trouva,retail,GB,europe,22,0,0,95,20
zopa.com,Zopa,fintech,GB,europe,22,0,0,95,20
materialist.com,Materialist,retail,SE,europe,22,0,0,95,20
trivago.com,Trivago,travel,DE,europe,22,0,0,95,20
pagseguro.uol.com.br,PagSeguro,fintech,BR,latam,22,0,0,95,20
servicenow.com,ServiceNow,saas,US,north_america,22,0,0,95,20
m-pesa.com,M-Pesa,fintech,KE,africa,22,0,0,95,20
zomato.com,Zomato,marketplace,IN,apac,22,0,0,95,20
vodafone.com,Vodafone,telecom,GB,europe,22,0,0,95,20
telenor.com,Telenor,telecom,NO,europe,22,0,0,95,20
televisa.com,Televisa,media,MX,latam,22,0,0,95,20
globo.com,Globo,media,BR,latam,22,0,0,95,20
replicate.com,Replicate,api_computing,US,north_america,22,0,0,95,20
wave.com,Wave,fintech,SN,africa,22,0,0,95,20
catch.com.au,Catch,marketplace,AU,apac,22,0,0,95,20
cursor.com,Cursor,protocol_active,US,north_america,22,0,0,95,20
gymshark.com,Gymshark,retail,GB,europe,22,0,0,95,20
viva.aero,VivaAerobus,travel,MX,latam,22,0,0,95,20
lush.com,Lush,retail,GB,europe,22,0,0,95,20
natura.com.br,Natura,retail,BR,latam,22,0,0,95,20
patreon.com,Patreon,marketplace,US,north_america,22,0,10,80,20
zettle.com,Zettle,fintech,SE,europe,22,0,0,95,20
thomasnet.com,ThomasNet,b2b,US,north_america,22,0,0,95,20
sendinblue.com,Brevo,saas,FR,europe,22,0,0,95,20
woolworths.com.au,Woolworths AU,retail,AU,apac,22,0,0,95,20
elcorteingles.es,El Corte Ingles,retail,ES,europe,22,0,0,95,20
telefonica.com,Telefonica,telecom,ES,europe,22,0,0,95,20
namshi.com,Namshi,retail,AE,mena,22,0,0,95,20
meesho.com,Meesho,marketplace,IN,apac,22,0,0,95,20
kroger.com,Kroger,retail,US,north_america,22,0,0,95,20
rothy.com,Rothy's,retail,US,north_america,22,0,0,95,20
coppel.com,Coppel,retail,MX,latam,22,0,0,95,20
przelewy24.pl,Przelewy24,fintech,PL,europe,22,0,0,95,20
staples.com,Staples,retail,US,north_america,22,0,0,95,20
ozon.ru,Ozon,marketplace,RU,europe,22,0,0,95,20
darty.com,Darty,retail,FR,europe,22,0,0,95,20
planet42.com,Planet42,fintech,EE,europe,22,0,0,95,20
vivara.com.br,Vivara,retail,BR,latam,22,0,0,95,20
thetimes.com,The Times,media,GB,europe,22,0,0,95,20
fly.io,Fly.io,api_computing,US,north_america,22,0,0,95,20
superama.com.mx,Superama/Walmart Express,retail,MX,latam,22,0,0,95,20
represent.com,Represent,retail,GB,europe,22,0,0,95,20
tessuti.co.uk,Tessuti,retail,GB,europe,22,0,0,95,20
planday.com,Planday,saas,DK,europe,22,0,0,95,20
swile.co,Swile,fintech,FR,europe,22,0,0,95,20
home24.de,Home24,retail,DE,europe,22,0,0,95,20
raya.shop,Raya Shop,retail,EG,africa,22,0,0,95,20
laredoute.fr,La Redoute,retail,FR,europe,22,0,0,95,20
chipper.com,Chipper Cash,fintech,NG,africa,22,0,0,95,20
netflix.com,Netflix,media,US,north_america,22,0,0,95,20
medium.com,Medium,media,US,north_america,22,0,0,95,20
techcrunch.com,TechCrunch,media,US,north_america,22,0,0,95,20
elastic.co,Elastic,api_computing,US,north_america,22,0,0,95,20
lowes.com,Lowe's,retail,US,north_america,22,0,0,95,20
endclothing.com,END. Clothing,retail,GB,europe,22,0,0,95,20
superoffice.com,SuperOffice,saas,NO,europe,22,0,0,95,20
sainsburys.co.uk,Sainsbury's,retail,GB,europe,22,0,0,95,20
exito.com,Exito,retail,CO,latam,22,0,0,95,20
freshful.ro,Freshful,retail,RO,europe,22,0,0,95,20
jumia.co.tz,Jumia Tanzania,marketplace,TZ,africa,22,0,0,95,20
digitalocean.com,DigitalOcean,api_computing,US,north_america,22,0,0,95,20
wired.com,Wired,media,US,north_america,22,0,0,95,20
latam.com,LATAM Airlines,travel,CL,latam,22,0,0,95,20
netlify.com,Netlify,api_computing,US,north_america,22,0,0,95,20
datadog.com,Datadog,api_computing,US,north_america,22,0,0,95,20
macys.com,Macy's,retail,US,north_america,22,0,0,95,20
papier.com,Papier,retail,GB,europe,22,0,0,95,20
nordicnest.com,Nordic Nest,retail,SE,europe,22,0,0,95,20
cora.com.br,Cora,fintech,BR,latam,22,0,0,95,20
opay.com,OPay,fintech,NG,africa,22,0,0,95,20
across.to,Across Protocol,fintech,US,north_america,22,0,0,95,23
mouser.com,Mouser Electronics,b2b,US,north_america,22,0,0,95,20
gittigidiyor.com,GittiGidiyor,marketplace,TR,europe,22,0,0,95,20
aircall.io,Aircall,saas,FR,europe,22,0,0,95,20
twilio.com,Twilio,api_computing,US,north_america,22,0,0,95,20
amazon.com.mx,Amazon Mexico,marketplace,MX,latam,22,0,10,80,23
brave.com,Brave,protocol_active,US,north_america,22,0,0,95,20
toast.co.uk,Toast,retail,GB,europe,22,0,0,95,20
reima.com,Reima,retail,FI,europe,22,0,0,95,20
slevomat.cz,Slevomat,marketplace,CZ,europe,22,0,0,95,20
catawiki.com,Catawiki,marketplace,NL,europe,22,0,0,95,20
cultbeauty.co.uk,Cult Beauty,retail,GB,europe,22,0,0,95,20
vente-privee.com,Veepee,retail,FR,europe,22,0,0,95,20
nord-security.com,Nord Security,saas,LT,europe,22,0,0,95,20
chico-rei.com,Chico Rei,retail,BR,latam,22,0,0,95,20
cloudwalk.io,CloudWalk,fintech,BR,latam,22,0,0,95,20